"companies_ID","companies_name","companies_site","companies_slug"
"1","3M","https://www.3mireland.ie/3M/en_IE/company-uk/","3m"
"2","A&L Goodbody (excluding equity partners)","https://www.algoodbody.com/","algoodbody"
"3","AA","https://www.theaa.ie/","aa"
"4","Abbott Ireland (all legal entities)","https://www.ie.abbott/homepage.html","abbott"
"5","AbbVie Sligo","https://www.abbvie.ie/","abbviesligo"
"6","AbbVie Westport (Allergan)","https://www.abbvie.ie/","abbviewestport"
"7","ABP Food Group: ABP Ireland","https://www.abpireland.com/","abp"
"8","ABP Food Group: C&D Foods","https://cdfoods.com/","cdfoods"
"9","ABP Food Group: Irish Country Meats","https://irishcountrymeats.com/","irishcountrymeats"
"10","Abtran","https://www.abtran.com/","abtran"
"11","Accenture","https://www.accenture.com/ie-en","accenture"
"12","Actavo","https://actavo.com/","actavo"
"13","Aer Lingus (all legal entities)","https://www.aerlingus.com/html/en-US/home.html","aerlingus"
"14","AerCap","https://www.aercap.com/","aercap"
"15","AIB","https://aib.ie/","aib"
"16","AIG (both legal entities)","https://www.aig.ie/","aig"
"17","Airbnb Ireland UC","https://www.airbnb.ie/","airbnb"
"18","Alcon Ireland","https://www.alcon.com/","alcon"
"19","ALDI Ireland","https://www.aldi.ie/","aldi"
"20","Alliance Medical","https://www.alliancemedical.ie/","alliancemedical"
"21","Allianz Ireland","https://www.allianz.ie/","allianz"
"22","Amazon Data Services Ireland Ltd","https://www.amazon.co.uk/","amazondsi"
"23","Amazon Development Centre Ireland Ltd ","https://www.amazon.co.uk/","amazondci"
"24","Amazon Ireland Support Services Ltd ","https://www.amazon.co.uk/","amazonssi"
"25","Amundi Ireland","https://www.amundi.ie/retail","amundi"
"26","An Garda Síochána: Garda Members","https://garda.ie/en/","gardamembers"
"27","An Garda Síochána: Garda Staff","https://garda.ie/en/","gardastaff"
"28","An Post","https://www.anpost.com/","anpost"
"29","Aon Ireland (all legal entities)","https://www.aon.com/ireland/default.jsp","aon"
"30","Apple Ireland (all legal entities)","https://www.apple.com/ie/","apple"
"31","Applegreen","https://applegreenstores.com/","applegreen"
"32","Applus Car Testing Services Ltd. (Fortnightly) ","https://www.applus.com/global/en/","appluscartestingf"
"33","Applus Car Testing Services Ltd. (Monthly)","https://www.applus.com/global/en/","appluscartestingm"
"34","Applus Inspection Services Ltd. Ireland (Fortnightly)","https://www.applus.com/global/en/","appluscarinspectionf"
"35","Applus Inspection Services Ltd. Ireland (Monthly)","https://www.applus.com/global/en/","appluscarinspectionm"
"36","Arachas","https://www.arachas.ie/","arachas"
"37","Aramark: Avoca Handweavers Shops Limited","https://www.avoca.com/en","avoca"
"38","Aramark: Campbell Catering Limited","https://northerneurope.aramark.com/ie/home","campbellcatering"
"39","Aramark: Vector Workplace and Facility Management Limited","https://northerneurope.aramark.com/ie/home","vector"
"40","Ardmac","https://www.ardmac.com/","ardmac"
"41","Arrabawn","https://arrabawn.ie/","arrabawn"
"42","Arthur Cox (including partners)","https://www.arthurcox.com/","arthurcox"
"43","Arup","https://www.arup.com/","arup"
"44","ARYZTA Food Solutions Ireland","https://aryzta.ie/","aryztafsi"
"45","Astellas Ireland (all legal entities)","https://www.astellas.com/ie","astellas"
"46","Autodesk","https://www.autodesk.eu/","autodesk"
"47","Aurivo Co-operative Society Ltd","https://www.aurivo.ie/","aurivocoop"
"48","Avaya","https://www.avaya.com/en/","avaya"
"49","Aviva","https://www.aviva.ie/","aviva"
"50","AWS EMEA SARL (Irish Branch)","https://aws.amazon.com/?nc2=h_lg","awsemeasarl"
"51","BAM Ireland: Building","https://www.bamireland.ie/","bamirelandbuilding"
"52","BAM Ireland: Civil","https://www.bamireland.ie/","bamirelandcivil"
"53","Bank of America","https://www.bankofamerica.com/","bankofamerica"
"54","Bank of Ireland (exluding subsidiaries)","https://www.bankofireland.com/","bankofireland"
"55","Barclays Bank Ireland Plc","https://privatebank.barclays.com/","barclaysbank"
"56","Baxter Healthcare Ireland","https://www.baxterhealthcare.ie/","baxterhealthcare"
"57","BDO Ireland","https://www.bdo.ie/","bdo"
"58","Beckman Coulter Ireland Inc","https://www.beckman.com/contact-us/ireland","beckmancoulter"
"59","Becton Dickinson Research Centre Ireland Limited","https://www.bd.com/en-eu/","bectondickinson"
"60","Becton Dickinson: ClearStream Technologies Limited","https://www.bd.com/en-eu/","clearstreamtechnologies"
"61","Bidvest Noonan","https://bidvestnoonan.ie/","bidvestnoonan"
"62","BioMarin","https://www.biomarin.com/","biomarin"
"63","Blackrock Clinic","https://www.blackrockhealth.com/","blackrockclinic"
"64","BMS (BMS Ireland)","https://www.bms.com/ie","bms"
"65","BMS (Swords Laboratories Ireland)","https://www.bms.com/ie","swordslaboratories"
"66","BNY Mellon: Fund Services DAC","https://www.bnymellon.com/ie/en.html","bnymellonfundservices"
"67","BNY Mellon: SA/NV Dublin Branch","https://www.bnymellon.com/ie/en.html","bnymellonsanv"
"68","Boliden Tara Mines","https://www.boliden.com/operations/mines/boliden-tara","bolidentaramines"
"69","Bord Gais Energy","https://www.bordgaisenergy.ie/","bordgaisenergy"
"70","Bord na Mona","https://www.bordnamona.ie/","bordnamona"
"71","Boston Scientific","https://www.bostonscientific.com/en-EU/home.html","bostonscientific"
"72","Britvic Ireland","http://www.britvic.com/","britvic"
"73","Brown Thomas Arnotts","https://www.arnotts.ie/store/","brownthomasarnotts"
"74","BT Communications Ireland Ltd","https://www.btireland.com/","bt"
"75","BWG Foods","https://www.bwg.ie/","bwgfoods"
"76","C&C Group Plc (all legal entities)","https://candcgroupplc.com/","ccgroup"
"77","Cairn Homes","https://www.cairnhomes.com/","cairnhomes"
"78","Canada Life Group Services","https://www.canadalife.com/","canadalife"
"79","Carbery","https://www.carbery.com/","carbery"
"80","Carlow County Council","https://www.carlow.ie/","carlowcoco"
"81","CarTrawler","https://corporate.cartrawler.com/en-gb/","cartrawler"
"82","Cavan County Council","https://www.cavancoco.ie/","cavancoco"
"83","Center Parcs Ireland","https://www.centerparcs.ie/","centerparcs"
"84","Central Bank of Ireland","https://www.centralbank.ie/","centralbankofireland"
"85","Central Statistics Office (CSO)","https://www.cso.ie/en/index.html","cso"
"86","Chadwicks Group","https://chadwicksgroup.ie/","chadwicksgroup"
"87","Chief State Solicitors Office","https://www.attorneygeneral.ie/csso/english/index.htm","csso"
"88","Children's Health Ireland","https://www.childrenshealthireland.ie/","childrenshealthireland"
"89","CRH: Roadstone","https://roadstone.ie/","crhroadstone"
"90","Circle K","https://www.circlek.ie/","circlek"
"91","Cisco","https://www.cisco.com/","cisco"
"92","Citco Fund Services (Ireland) Limited","https://www.citco.com/","citco"
"93","Citibank Europe Plc Ireland (CEP Ireland)","https://www.citigroup.com/global/about-us/global-presence/ireland","citibank"
"94","Clare County Council","https://www.clarecoco.ie/","clarecoco"
"95","Coca Cola Ireland","https://www.coca-cola.com/ie/en","cocacola"
"96","Cognizant","https://www.cognizant.com/uk/en","cognizant"
"97","Coillte","https://www.coillte.ie/","coillte"
"98","Compass Ireland","https://www.compass-group.ie/","compassireland"
"99","Concern","https://www.concern.net/","concern"
"100","Cook Medical","https://www.cookmedical.eu/","cookmedical"
"101","Cork City Council","https://www.corkcity.ie/en/","corkcitycouncil"
"102","Cork County Council","https://www.corkcoco.ie/en","corkcoco"
"103","Corrib Oil","https://corriboil.com/","corriboil"
"104","CPL:  Computer Placement Limited","https://www.cpl.com/ie","cpl"
"105","CPL:  Flexible Talent Workforce","https://www.cpl.com/ie","cplftw"
"106","Creganna Medical Ireland Limited","https://www.te.com/usa-en/products/brands/creganna.html","creganna"
"107","CRH: CRH Group Services Limited","https://www.crh.com/","crhgroupservices"
"108","CRH: Irish Cement","https://www.irishcement.ie/","crhirishcement"
"109","Currys Ireland Ltd","https://www.currys.ie/","currys"
"110","daa (Dublin Airport Authority)","https://www.daa.ie/","daa"
"111","Dairygold","https://www.dairygold.ie/","dairygold"
"112","Dalata Hotel Group","https://dalatahotelgroup.com/","dalata"
"113","Danone Ireland","https://www.danone.ie/","danone"
"114","Davy","https://www.davy.ie/","davy"
"115","Dell Technologies Ireland: Dell Products","https://www.dell.com/en-ie","dellproducts"
"116","Dell Technologies Ireland: EMC International ","https://www.dell.com/en-ie","emcinternational"
"117","Deloitte Ireland (excluding partners)","https://www2.deloitte.com/ie/en.html","deloitte"
"118","Dental Care Ireland","https://www.dentalcareireland.ie/","dentalcareireland"
"119","Department of Agriculture, Food & Marine","https://www.gov.ie/en/organisation/department-of-agriculture-food-and-the-marine/","deptagrifoodmarine"
"120","Department of Education","https://www.gov.ie/en/organisation/department-of-education/","depteducation"
"121","Department of Enterprise, Trade and Employment","https://enterprise.gov.ie/en/","deptenterprise"
"122","Department of Finance","https://www.gov.ie/en/organisation/department-of-finance/","deptfinance"
"123","Department of Foreign Affairs","https://www.dfa.ie/","deptforeignaffairs"
"124","Department of Health","https://www.gov.ie/en/organisation/department-of-health/","depthealth"
"125","Department of Housing, Local Government and Heritage","https://www.gov.ie/en/organisation/department-of-housing-local-government-and-heritage/","depthousingheritage"
"126","Department of Justice and the
Probation Service: Probation Service","https://www.gov.ie/en/organisation/department-of-justice/","dojprobationservice"
"127","Department of Justice and the
Probation Service: the Department","https://www.gov.ie/en/organisation/department-of-justice/","doj"
"128","Department of Public Expenditure and Reform","https://www.gov.ie/en/organisation/department-of-public-expenditure-and-reform/","deptpublicexpenditure"
"129","Department of Social Protection","https://www.gov.ie/en/organisation/department-of-social-protection/","deasp"
"130","Department of the Environment, Climate and Communications","https://www.gov.ie/en/organisation/department-of-the-environment-climate-and-communications/","deptenvironment"
"131","Department of the Taoiseach","https://www.gov.ie/en/organisation/department-of-the-taoiseach/","depttaoiseach"
"132","Department of Tourism, Culture, Arts, Gaeltacht, Sport and Media","https://www.gov.ie/en/organisation/department-of-tourism-culture-arts-gaeltacht-sport-and-media/","depttourism"
"133","Department of Transport","https://www.gov.ie/en/organisation/department-of-transport/","depttransport"
"134","Depaul","https://ie.depaulcharity.org/","depaul"
"135","DHL Express Ireland","https://www.dhl.com/ie-en/home.html","dhl"
"136","Diageo Republic of Ireland","https://www.diageo.com/en","diageo"
"137","Donegal County Council","https://www.donegalcoco.ie/","donegalcoco"
"138","Doyle Collection","https://www.doylecollection.com/","doylecollection"
"139","Arcadis (DPS Group Global)","https://www.dpsgroupglobal.com/","arcadisdpsgroup"
"140","Dublin and Dun Laoghaire Education
and Training Board","https://www.ddletb.ie/home-page-new/","ddletb"
"141","Dublin Bus","https://www.dublinbus.ie/home","dublinbus"
"142","Dublin Business School","https://www.dbs.ie/","dublinbusinessschool"
"143","Dublin City Council","https://www.dublincity.ie/residential","dublincitycouncil"
"144","Dún Laoghaire-Rathdown County Council","http://www.dlrcoco.ie/","dlrcoco"
"145","Dundalk Institute of Technology","https://www.dkit.ie/","dundalkit"
"146","Dunnes Stores","https://www.dunnesstores.com/","dunnesstores"
"147","EA Ireland Ltd","https://www.ea.com/","ea"
"148","Eason & Son","https://www.easons.com/","easons"
"149","eBay","http://www.ebay.ie/","ebay"
"150","Eir","https://www.eir.ie/","eir"
"151","EirGrid","https://www.eirgrid.ie/","eirgrid"
"152","Elavon","https://www.elavon.ie/","elavon"
"153","Eli Lilly: Cork","https://www.lilly.com/","elilillycork"
"154","Eli Lilly: Kinsale","https://www.lilly.com/","elilillykinsale"
"155","Embecta Ireland","https://www.embecta.com/","embecta"
"156","Enterprise Ireland","https://www.enterprise-ireland.com/en/","enterpriseireland"
"157","Enterprise Rent-A-Car","https://www.enterprise.ie/en/home.html","enterpriserentacar"
"158","Ericsson Ireland","https://www.ericsson.com/en","ericsson"
"159","ESB","https://esb.ie/","esb"
"160","ESW (eShopWorld)","https://esw.com/","esw"
"161","Expleo Technology Ireland","https://expleo.com/global/en/","expleo"
"162","EY Ireland (excluding partners)","https://www.ey.com/en_ie","ey"
"163","Failte Ireland","https://www.failteireland.ie/","failte"
"164","Family Carers Ireland","https://familycarers.ie/","familycarersireland"
"165","FBD","https://www.fbd.ie/","fbd"
"166","Fenergo Limited","https://www.fenergo.com/","fenergolimited"
"167","Fidelity International","https://www.fidelityinternational.com/","fidelityinternational"
"168","Fidelity Investments Ireland (both legal entities)","https://www.fidelityinvestments.ie/","fidelityinvestments"
"169","FINEOS Ireland","https://www.fineos.com/","fineos"
"170","Fingal County Council","https://www.fingal.ie/","fingalcoco"
"171","First Derivatives (FD Technologies)","https://fdtechnologies.com/","fdtechnologies"
"172","Fiserv Ireland","https://www.fiserv.com/en.html","fiserv"
"173","Fisheries Ireland","https://www.fisheriesireland.ie/","fisheriesireland"
"174","Flutter (Head Office)","https://www.flutter.com/","flutterheadoffice"
"175","Focus Ireland","https://www.focusireland.ie/","focusireland"
"176","Foróige","https://www.foroige.ie/","foroige"
"177","Freshways Food Company","https://freshwaysfoodco.ie/","freshwaysfoodcompany"
"178","Galco Group","https://galco.ie/","galcogroup"
"179","Galway City Council","https://www.galwaycity.ie/","galwaycitycouncil"
"180","Galway Clinic","https://www.blackrockhealth.com/","galwayclinic"
"181","Galway County Council","https://www.galway.ie/en/","galwaycoco"
"182","Gas Networks Ireland","https://www.gasnetworks.ie/","gasnetworksireland"
"183","GE Healthcare Ireland","https://www.gehealthcare.co.uk/","gehealthcare"
"184","General Motors IT Services (Ireland) Ltd","https://www.gm.com/","generalmotors"
"185","Glanbia","https://www.glanbia.com/","glanbia"
"186","Glen Dimplex Heating & Ventilation","https://www.glendimplex.com/en-ie","glendimplex"
"187","Glenveagh","https://glenveagh.ie/","glenveagh"
"188","Global Shares","https://www.globalshares.com/ie/","globalshares"
"189","Go-Ahead Ireland","https://www.goaheadireland.ie/","goaheadireland"
"190","Goodbody Stockbrokers","https://www.goodbody.ie/","goodbodystockbrokers"
"191","Google Cloud EMEA Limited","https://cloud.google.com/","googlecloud"
"192","Google Ireland Limited","https://about.google/","google"
"193","Grant Thornton (excluding partners)","https://www.grantthornton.ie/","grantthornton"
"194","Grosvenor Services","https://grosvenorservices.com/","grosvenorservices"
"195","H&M Hennes & Mauritz (Ireland) Limited","https://www2.hm.com/en_ie/index.html","handm"
"196","Haleon (all legal entities)","https://www.haleon.com/","haleon"
"197","Harry Corry Interiors","https://www.harrycorry.com/","harrycorry"
"198","Hays Specialist Recruitment Ireland Limited","https://www.hays.ie/","hays"
"199","Health Products Regulatory Authority (HPRA)","https://www.hpra.ie/","hpra"
"200","Health Service Executive (HSE)","https://www.hse.ie/","hse"
"201","Heat Merchants Group","https://www.heatmerchants.ie/","heatmerchantsgroup"
"202","HedgeServ Ireland","https://www.hedgeserv.com/","hedgeserv"
"203","Heineken Ireland","https://www.heinekenireland.ie/","heineken"
"204","Henry J Lyons","https://henryjlyons.com/","henryjlyons"
"205","Hermitage Clinic","https://www.blackrockhealth.com/","hermitageclinic"
"206","Hewlett Packard - HP Galway","https://www.hp.com/ie-en/home.html","hpgalway"
"207","Hewlett Packard - HPE","https://www.hp.com/ie-en/home.html","hpe"
"208","Health Information and Quality Authority (HIQA)","https://www.hiqa.ie/","hiqa"
"209","Horse Racing Ireland","https://www.hri.ie/","horseracingireland"
"210","Houses of the Oireachtas Service","https://www.oireachtas.ie/","housesoireachtas"
"211","HSBC Ireland (both legal entities)","https://www.hsbc.ie/","hsbc"
"212","HubSpot","https://www.hubspot.com/","hubspot"
"213","IADT","https://iadt.ie/","iadt"
"214","Iarnród Éireann (Irish Rail)","https://www.irishrail.ie/","iarnrodeireann"
"215","Ibec","https://www.ibec.ie/","ibec"
"216","IBM","https://www.ibm.com/uk-en","ibm"
"217","ICON Clinical Research Limited (Ireland)","https://www.iconplc.com/","icon"
"218","IDA Ireland","https://www.idaireland.com/","ida"
"219","IKEA Ireland","https://www.ikea.com/ie/en/","ikea"
"220","Indeed Ireland Operations Ltd","https://ie.indeed.com/about","indeed"
"221","Infosys BPM","https://www.infosysbpm.com/","infosysbpm"
"222","Intel Ireland (Overall)","https://www.intel.ie/content/www/ie/en/company-overview/intel-in-ireland.html","intelall"
"223","IQVIA RDS Ireland Limited","https://www.iqvia.com/","iqvia"
"224","Irish Aviation Authority (IAA)","https://www.iaa.ie/","iaa"
"225","Irish Cancer Society","https://www.cancer.ie/","irishcancersociety"
"226","Irish Distillers ","https://www.irishdistillers.ie/","irishdistillers"
"227","Irish Life Group (all legal entities)","https://www.irishlife.ie/","irishlifegroup"
"228","Irish Prison Service: Civilian Grades","https://www.irishprisons.ie/","ipscivilian"
"229","Irish Prison Service: Prison Grades","https://www.irishprisons.ie/","ipsprison"
"230","Uisce Éireann (Irish Water)","https://www.water.ie/","irishwater"
"231","Irish Wheelchair Association","https://www.iwa.ie/","irishwheelchairassociation"
"232","ISS Facility Services Ireland","https://www.issworld.com/en-ie","issfacility"
"233","Jabil Ireland","https://www.jabil.com/","jabil"
"234","Jacobs","https://www.jacobs.com/","jacobs"
"235","JD Sports Fashion","https://www.jdsports.ie/","jdsports"
"236","JLL Ireland","https://www.jll.ie/","jll"
"237","John Paul Construction","https://www.johnpaul.ie/","johnpaulconstruction"
"238","John Sisk and Son","https://www.johnsiskandson.com/","johnsiskandson"
"239","JPMSE Dublin Branch","https://www.jpmorgan.com/global","jpmsedublin"
"240","KBC Bank Ireland","https://www.kbc.com/en/kbc-ireland.html","kbcbank"
"241","Kellanova (Kellogg Europe Trading Limited)","https://www.kellanova.com/us/en/home.html","kellanova"
"242","Kelly Services (IRE) Limited","https://www.kellyservices.ie/","kellyservices"
"243","Kerry County Council","https://www.kerrycoco.ie/","kerrycoco"
"244","Kerry Group","https://www.kerry.com/","kerrygroup"
"245","Keywords International Ltd. (Dublin Studio)","https://www.keywordsstudios.com/en/","keywordsinternational"
"246","Kildare County Council","https://kildarecoco.ie/","kildarecoco"
"247","Kilkenny County Council","https://www.kilkennycoco.ie/","kilkennycoco"
"248","Kilsaran Concrete","https://www.kilsaran.ie/","kilsaranconcrete"
"249","Kingspan Limited","https://www.kingspan.com/ie/en/","kingspan"
"250","KPMG (excluding partners)","https://kpmg.com/ie/en/home.html","kpmg"
"251","Kyte Powertech Limited","https://www.kytepowertech.com/","kytepowertech"
"252","L'Oreal","https://www.loreal.com/en/uki/","loreal"
"253","Lakeland Dairies","https://www.lakeland.ie/","lakelanddairies"
"254","Laois County Council","https://laois.ie/","laoiscoco"
"255","Laya Healthcare","https://www.layahealthcare.ie/","layahealthcare"
"256","Legal Aid Board","https://www.legalaidboard.ie/","legalaidboard"
"257","Leitrim County Council","https://www.leitrimcoco.ie/","leitrimcoco"
"258","Lidl","https://www.lidl.ie/","lidl"
"259","Limerick City & County Council","https://www.limerick.ie/council","limerickcitycoco"
"260","Linesight","https://www.linesight.com/","linesight"
"261","Longford County Council","https://www.longfordcoco.ie/","longfordcoco"
"262","Louth County Council","https://www.louthcoco.ie/","louthcoco"
"263","M&S Ireland","https://www.marksandspencer.com/ie/","mands"
"264","Magna International Autolaunch Ireland Limited","https://www.magna.com/","magna"
"265","Marsh Employee Benefits Ltd","https://www.marsh.com/ie/home.html","marshemployeebenefits"
"266","Mary Immaculate College","https://www.mic.ul.ie/","maryimmaculatecollege"
"267","Mason, Hayes & Curran (incl. partners)","https://www.mhc.ie/","masonhayescurran"
"268","Mastercard Ireland","https://www.mastercard.ie/en-ie.html","mastercard"
"269","Matheson: Matheson LLP (including partners)","https://www.matheson.com/","mathesonllp"
"270","Matheson: Support Services (including partners)","https://www.matheson.com/about-us/matheson-in-house-network","mathesonsupportservices"
"271","Maynooth University","https://www.maynoothuniversity.ie/","maynoothuniversity"
"272","Mayo County Council","https://www.mayo.ie/","mayococo"
"273","McCann Fitzgerald (excluding partners)","https://www.mccannfitzgerald.com/","mccannfitzgerald"
"274","McKesson Ireland (acquired by Phoenix Group)","https://mckessoncork.ie/","mckesson"
"275","Meath County Council","https://www.meath.ie/","meathcoco"
"276","Mediahuis Ireland","https://www.mediahuis.ie/","mediahuis"
"277","Medtronic","https://www.medtronic.com/en-ie/our-company/medtronic-ireland.html","medtronic"
"278","Merck Millipore","https://www.merckmillipore.com/IE/en","merckmillipore"
"279","Mercury Ireland UC (Mercury Engineering)","https://www.mercuryeng.com/","mercuryeng"
"280","Mercy University Hospital","https://www.muh.ie/","mercyuniversityhospital"
"281","Merit Medical Ireland","https://www.merit.com/","meritmedical"
"282","Meta Ireland (all legal entities)","https://about.meta.com/","meta"
"283","Microsoft (both legal entities)","https://www.microsoft.com/en-ie","microsoft"
"284","ABM (formerly Momentum Support)","https://abmireland.com/","abm"
"285","Monaghan County Council","https://monaghan.ie/","monaghancoco"
"286","MSD","https://msd-ireland.com/","msd"
"287","MUFG Investor Services Ireland","https://www.mufg-investorservices.com/","mufg"
"288","Munster Technological University (MTU)","https://www.mtu.ie/","mtu"
"289","Musgrave: Cedarglade","https://www.musgravegroup.com/","musgravecedarglade"
"290","Musgrave: Musgrave Limited","https://www.musgravegroup.com/","musgravelimited"
"291","Musgrave: Musgrave Operating Partners Ireland (MOPI) ","https://www.musgravegroup.com/","mopi"
"292","Nandos","https://www.nandos.ie/","nandos"
"293","National Co-operative Farm Relief Services Limited (FRS Network)","https://www.frsnetwork.ie/frs-network/","frscoop"
"294","National College of Ireland","https://www.ncirl.ie/","ncirl"
"295","National Shared Services Office","https://nsso.gov.ie/","nsso"
"296","National Transport Authority","https://www.nationaltransport.ie/","nta"
"297","National Treasury Management Agency (NTMA)","https://www.ntma.ie/","ntma"
"298","Vision Ireland (formerly NCBI National Council for the Blind of Ireland)","https://vi.ie/","visionireland"
"299","New Ireland Assurance","https://www.newireland.ie/","newirelandassurance"
"300","Northern Trust","https://www.northerntrust.com/europe/home","northerntrust"
"301","Novartis: Novartis Ireland Limited","https://www.novartis.com/","novartis"
"302","Novartis: Novartis Ringaskiddy Limited","https://www.novartis.com/","novartisringaskiddy"
"303","Nua Healthcare Services","https://www.nuahealthcare.ie/","nuahealthcare"
"304","Offaly County Council","https://www.offaly.ie/","offalycoco"
"305","Office of Public Works: Established Staff","https://www.gov.ie/en/organisation/office-of-public-works/","opwestablishedstaff"
"306","Office of Public Works: State industrial Staff","https://www.gov.ie/en/organisation/office-of-public-works/","opwstateindustrialstaff"
"307","Ornua Co-operative Ltd","https://www.ornua.com/","ornua"
"308","Orwell Healthcare","https://orwellhealthcare.ie/","orwellhealthcare"
"309","Our Lady's Hospice and Care Services","https://olh.ie/","ourladyshospice"
"310","Paypal","https://www.paypal.com/ie/home","paypal"
"311","Pepper","https://www.pepper-advantage.ie/","pepper"
"312","PTSB (Permanent TSB)","https://www.ptsb.ie/","ptsb"
"313","Peter Mark","https://www.petermark.ie/","petermark"
"314","Pfizer Ireland (all legal entities)","https://www.pfizer.ie/","pfizer"
"315","PJ Hegarty & Sons","https://www.pjhegarty.ie/","pjhegartysons"
"316","PM Group","https://www.pmgroup-global.com/","pmgroup"
"317","PrepayPower Limited","https://www.prepaypower.ie/","prepaypower"
"318","PricewaterhouseCoopers (PwC)","https://www.pwc.ie/","pwc"
"319","Primark (Penneys)","https://www.primark.com/en-ie","primark"
"320","Tailte Éireann (formerly Property Registration Authority)","https://www.tailte.ie/","tailteeireann"
"321","Public Appointments Service (PAS)","https://www.publicjobs.ie/en/","pas"
"322","Regeneron","https://www.regeneron.ie/","regeneron"
"323","Rehab","https://rehab.ie/","rehab"
"324","Respond","https://www.respond.ie/","respond"
"325","Rexel: Kellihers Electrical","https://www.rexel.com/","rexelkellihers"
"326","River Island","https://www.riverisland.com/ie","riverisland"
"327","Roscommon County Council","https://www.roscommoncoco.ie/","roscommoncoco"
"328","Royal Victoria Eye and Ear Hospital","https://www.rveeh.ie/","royalvictoriaeyeandear"
"329","RPS Group Limited","https://www.rpsgroup.com/","rpsgroup"
"330","RSA (Road Safety Authority)","https://www.rsa.ie/","rsa"
"331","RSA Insurance Ireland (DAC)","https://www.rsagroup.ie/","rsainsurance"
"332","RTE","https://www.rte.ie/","rte"
"333","Ryanair","https://www.ryanair.com/ie/en","ryanair"
"334","Salesforce Ireland","https://www.salesforce.com/","salesforce"
"335","Sanofi: Genzyme Ireland Ltd","https://www.sanofi.ie/","sanofigenzyme"
"336","SAP Landscapes","https://saplandscapes.ie/","saplandscapes"
"337","SAP: Business Objects Software Limited","https://www.sap.com/uk/about/company/office-locations/ireland.html","sapbobj"
"338","SAP: SAP Service and Support Centre (Ireland) Limited","https://www.sap.com/uk/about/company/office-locations/ireland.html","sapssc"
"339","Savills Ireland","https://www.savills.ie/","savills"
"340","Screwfix Republic of Ireland","https://www.screwfix.ie/","screwfix"
"341","Sherry Fiztgerald","https://www.sherryfitz.ie/","sherryfiztgerald"
"342","SIPTU","https://www.siptu.ie/","siptu"
"343","Sky","https://www.sky.com/ie","sky"
"344","Sligo County Council","https://www.sligococo.ie/","sligococo"
"345","Smurfit Kappa","https://www.smurfitkappa.com/ie","smurfitkappa"
"346","Smyths Toys","https://www.smythstoys.com/ie/en-ie","smythstoys"
"347","Society of St. Vincent de Paul","https://www.svp.ie/","svp"
"348","Sodexo","https://ie.sodexo.com/home.html","sodexo"
"349","South Dublin County Council","https://www.sdcc.ie/en/","southdublincoco"
"350","South East Technological University","https://www.setu.ie/","setu"
"351","SSE Airtricity","https://www.sseairtricity.com/ie/home/","sseairtricity"
"352","St James's Hospital","https://www.stjames.ie/","stjameshospital"
"353","Stripe","https://stripe.com/en-ie","stripe"
"354","Stryker","https://www.stryker.com/index.html","stryker"
"355","Sun Life","https://www.sunlife.ie/en/","sunlife"
"356","Sysco Ireland","https://syscoireland.com/","sysco"
"357","Takeda","https://www.takeda.com/","takeda"
"358","Tayto Snacks","https://taytosnacks.ie/","taytosnacks"
"359","TCS (Tata Consulting Services)","https://www.tcs.com/","tcs"
"360","Teagasc","https://www.teagasc.ie/","teagasc"
"361","Technological University Dublin","https://tudublin.ie/","tudublin"
"362","Technological University of the Shannon (TUS)","https://tus.ie/","tushannon"
"363","Tesco Ireland","https://www.tesco.ie/","tesco"
"364","The Coombe Hospital","https://www.coombe.ie/","thecoombe"
"365","The Defence Organisation: Civil Servant Employees","https://www.gov.ie/en/organisation/department-of-defence/","defenceorgcivilservant"
"366","The Defence Organisation: Civilian Employees","https://www.gov.ie/en/organisation/department-of-defence/","defenceorgcivilian"
"367","The Defence Organisation: Defense Forces","https://www.gov.ie/en/organisation/department-of-defence/","defenceorgdefenseforces"
"368","Department of Children, Equality, Disability, Integration and Youth","https://www.gov.ie/en/organisation/department-of-children-equality-disability-integration-and-youth/","deptchildrenequality"
"369","The Environmental Protection Agency","https://www.epa.ie/","epa"
"370","The Irish Times","https://www.irishtimes.com/","theirishtimes"
"371","The Revenue Commissioners","https://www.revenue.ie/","revenuecommissioners"
"372","TikTok","https://www.tiktok.com/en/","tiktok"
"373","Tipperary County Council","https://www.tipperarycoco.ie/","tipperarycoco"
"374","Tirlán (formerly Glanbia Ireland)","https://www.tirlan.com/","tirlan"
"375","TJX Ireland","https://www.tjx.com/businesses/europe/tkmaxx","tjx"
"376","Top Oil","https://www.top.ie/","topoil"
"377","Transport Infrastructure Ireland (TII)","https://www.tii.ie/","tii"
"378","Trend Micro","https://www.trendmicro.com/en_ie/business.html","trendmicro"
"379","Trinity College Dublin","https://www.tcd.ie/","tcd"
"380","Tusla Child and Family Agency","https://www.tusla.ie/","tusla"
"381","Twitter Ireland","https://twitter.com/?lang=en","twitter"
"382","Uniphar: Hickey's Pharmacy Group Limited","https://www.uniphar.ie/","unipharhickeys"
"383","Uniphar: Medtech (formerly SISK Healthcare)","https://www.unipharmedtech.com/","unipharmedtech"
"384","Uniphar: Uniphar Wholesale Limited","https://www.uniphar.ie/","unipharwholesale"
"385","University College Cork (UCC)","https://www.ucc.ie/","ucc"
"386","University College Dublin (UCD)","https://www.ucd.ie/","ucd"
"387","University of Limerick","https://www.ul.ie/","ul"
"388","Utmost International Ireland","https://utmostinternational.com/","utmost"
"389","Valeo Foods","https://www.valeofoodsgroup.com/","valeofoods"
"390","Veolia","https://www.veolia.ie/","veolia"
"391","Version 1","https://www.version1.com/","versionone"
"392","VHI","https://www1.vhi.ie/","vhi"
"393","VMware","https://www.vmware.com/","vmware"
"394","Vodafone (all legal entities)","https://n.vodafone.ie/en.html","vodafone"
"395","Waterford City & County Council","https://www.waterfordcouncil.ie/","waterfordcitycoco"
"396","Westmeath County Council","https://www.westmeathcoco.ie/","westmeathcoco"
"397","Wexford County Council","https://www.wexfordcoco.ie/","wexfordcoco"
"398","Wicklow County Council","https://www.wicklow.ie/","wicklowcoco"
"399","William Fry (excluding partners)","https://www.williamfry.com/","williamfry"
"400","Windsor Motor Group","https://www.windsor.ie/","windsormotorgroup"
"401","Workday","https://www.workday.com/","workday"
"402","Workhuman","https://www.workhuman.com/","workhuman"
"403","WTW (all legal entities)","https://www.wtwco.com/en-ie","wtw"
"404","WuXi Biologics","https://www.wuxibiologics.com/","wuxibiologics"
"405","Zendesk","https://www.zendesk.com/","zendesk"
"406","Zoetis Belgium S.A. (Irish Branch) ","https://www.zoetis.com/","zoetisbelgium"
"407","Zurich (3 legal entities)","https://www.zurich.ie/","zurich"
"520","Department of Further and Higher Education, Research, Innovation and Science","https://www.gov.ie/en/organisation/department-of-higher-education-innovation-and-science/","deptfurthereducation"
"521","Irish Rugby Football Union (IRFU)","https://www.irishrugby.ie/","irfu"
"522","Alexion","https://alexion.com/worldwide/Ireland","alexion"
"523","Flutter (Retail)","https://www.flutter.com/","flutterretail"
"524","Health and Safety Authority (HSA)","https://www.hsa.ie/eng/","hsa"
"525","Intel Ireland Limited","https://www.intel.ie/content/www/ie/en/company-overview/intel-in-ireland.html","intel"
"526","Intel R&D Ireland Limited","https://www.intel.ie/content/www/ie/en/company-overview/intel-in-ireland.html","intelrnd"
"527","Lloyds Pharmacy (part of PHX Ireland)","https://lloydspharmacy.ie/","lloydspharmacy"
"528","United Drug (part of PHX Ireland)","https://www.united-drug.com/","uniteddrug"
"529","Median Healthcare Services (part of Phoenix Group)","https://www.medianhealthcare.ie/","medianhealthcare"
"530","TCP Homecare (part of Phoenix Group)","https://www.tcp.ie/","tcphomecare"
"531","PHX Ireland (a PHOENIX company)","https://www.united-drug.com/blogs/news/new-parent-company-name-phx-ireland-group-limited","phxireland"
"532","Uniphar: McCauley Pharmacy","https://www.mccauley.ie/","unipharmccauley"
"533","Uniphar: Allcare Pharmacy","https://www.allcarepharmacy.ie/","unipharallcare"
"535","Ability West","https://www.abilitywest.ie/","abilitywest"
"536","Aecom","https://aecom.com/ie/","aecom"
"537","Analog Devices","https://www.analog.com/en/index.html","analogdevices"
"538","Argos","https://www.argos.co.uk/features/republic-of-ireland","argos"
"539","Atlantic Technological University (formerly Galway-Mayo Institute of Technology)","https://www.gmit.ie/","atu"
"540","Axa Insurance","https://www.axa.ie/","axainsurance"
"541","B&Q Ireland","https://www.diy.ie/","bandq"
"542","Beacon Hospital","https://www.beaconhospital.ie/","beaconhospital"
"543","BOC Gases Ireland","https://www.boconline.ie/en/index.html","bocgases"
"544","Bon Secours","https://www.bonsecours.ie/","bonsecours"
"545","Boots","https://www.boots.ie/","boots"
"546","Boyle Sports","https://www.boylesports.com/","boylesports"
"547","Brothers of Charity","https://www.brothersofcharity.ie/","brothersofcharity"
"548","Bus Eireann","https://www.buseireann.ie/","buseireann"
"549","Cappagh National Orthopaedic Hospital","https://nohc.ie/","cappaghnational"
"551","ARYZTA Bakeries Ireland","https://aryzta.ie/","aryztabi"
"552","Louth and Meath Education and Training Board","https://www.lmetb.ie/","lmetb"
"553","NOVAS","https://www.novas.ie/","novas"
"554","Longford and Westmeath Education and Training Board","https://www.lwetb.ie/","lwetb"
"555","Aviva Group Services","https://www.aviva.ie/group/","avivagroupservices"
"556","Carey Glass","https://www.careyglass.com/","careyglass"
"557","Carriglea Cairde Service","http://carrigleaservices.com/","carrigleacairdeservice"
"558","Cavan and Monaghan Education and Training Board","https://www.cmetb.ie/","cmetb"
"559","Central Remedial Clinic","https://www.crc.ie/","crc"
"560","Cheshire Ireland","https://www.cheshire.ie/","cheshireireland"
"561","Concentrix","https://jobs.concentrix.com/global/en/country-page-ireland","concentrix"
"562","Cope Foundation","https://www.cope-foundation.ie/","copefoundation"
"563","Core Media","https://www.onecore.ie/","coremedia"
"564","Cork Education and Training Board","https://www.corketb.ie/","cetb"
"565","Dawn Meats","https://www.dawnmeats.com/","dawnmeats"
"566","DB Schenker","https://www.dbschenker.com/","dbschenker"
"567","Dealz","https://www.dealz.ie/","dealz"
"568","Designer Group","https://designergrp.com/","designergroup"
"569","Diligent","https://www.diligent.com/","diligent"
"570","Dornan Engineering","https://www.dornan.ie/","dornanengineering"
"571","Ei Electronics","https://www.eielectronics.ie/","eielectronics"
"572","Elverys","https://www.elverys.ie/","elverys"
"573","Enable Ireland","https://enableireland.ie/","enableireland"
"574","EPS Water","https://epswater.ie/","epswater"
"575","Ergo Group","https://www.ergogroup.ie/","ergogroup"
"576","Essilor","https://www.essilor.com/ie-en/","essilor"
"577","Europcar Mobility Group","https://europcar-mobility-group.com/","europcar"
"578","Firstsource","https://www.firstsource.com/","firstsource"
"579","Galway and Roscommon Education and Training Board","https://gretb.ie/","gretb"
"580","Gilead Sciences","https://www.gilead.com/","gileadsciences"
"581","Gleneagle Hotel","https://www.gleneaglehotel.com/","gleneaglehotel"
"582","Guidewire","https://www.guidewire.com/","guidewire"
"583","Henkel","https://www.henkel.com/","henkel"
"584","Hertz","https://www.hertz.ie/rentacar/reservation/","hertz"
"585","Hollister","https://www.hollister.ie/en-ie","hollister"
"586","Home Store + More","https://www.homestoreandmore.ie/homepage.html","homestoremore"
"587","Insomnia","https://www.insomnia.ie","insomnia"
"588","Integer Holdings","https://www.integer.net/home/default.aspx","integerholdings"
"589","Intercom","https://www.intercom.com/","intercom"
"590","JJ Rhatigan","https://www.jjrhatigan.com","jjrhatigan"
"591","DePuy Ireland","https://jnj.co.uk/","depuy"
"592","Janssen Pharmaceutical Sciences","https://www.janssen.com/ireland/","janssenpharma"
"593","Janssen Sciences Ireland","https://www.janssen.com/ireland/","janssensciences"
"594","Johnson & Johnson Vision Care","https://jnjvisionpro.co.uk/","jnjvisioncare"
"595","Johnson Controls: Silent-Aire","https://www.silent-aire.com/","silentaire"
"596","Johnson Controls: Tyco","https://www.tyco.com/","tyco"
"597","Kepak Athleague","https://www.kepak.com/","kepakathleague"
"598","Kepak Clonee","https://www.kepak.com/","kepakclonee"
"599","Kepak Cork","https://www.kepak.com/","kepakcork"
"600","Kepak Convenience Foods","https://www.kepak.com/","kepakconvenience"
"601","Kepak Longford","https://www.kepak.com/","kepaklongford"
"602","Kepak McCarren Meats","https://www.kepak.com/","mccarrenmeats"
"603","Kerry Education and Training Board","https://www.kerryetb.ie/","kerryetb"
"604","Kildare and Wicklow Education and Training Board","https://kildarewicklow.etb.ie/","kwetb"
"605","Kilkenny and Carlow Education and Training Board","https://kcetb.ie/","kcetb"
"606","Laois and Offaly Education and Training Board","https://www.loetb.ie","loetb"
"607","Limerick and Clare Education and Training Board","https://lcetb.ie","lcetb"
"608","Mayo, Sligo & Leitrim Education and Training Board","https://msletb.ie/","msletb"
"609","Tipperary Education and Training Board","https://tipperary.etb.ie","tippetb"
"610","Waterford and Wexford Education and Training Board","https://www.wwetb.ie/","wwetb"
"611","Kilkenny Design","https://kilkennydesign.com/","kilkennydesign"
"612","Kostal","https://www.kostal.com/en-gb/","kostal"
"613","Lifestyle Sports","https://www.lifestylesports.com/ie/","lifestylesports"
"615","Liffey Meats","https://liffeymeats.ie/","liffeymeats"
"616","LotusWorks","https://lotusworks.com/en-ie/","lotusworks"
"617","Manpower","https://www.manpower.ie/","manpower"
"618","Mazars","https://www.mazars.ie/","mazars"
"619","Mercer","https://www.mercer.com/en-ie/","mercer"
"620","Microchip Technology","https://www.microchip.com/","microchiptechnology"
"621","Monaghan Mushrooms","https://www.monaghan.eu/","monaghanmushrooms"
"622","Drimbawn Mushrooms","https://www.monaghan.eu/","drimbawnmushrooms"
"623","Mondelez International","https://www.mondelezinternational.com/ireland/","mondelez"
"624","Muiriosa Foundation","https://www.muiriosa.ie/","muiriosafoundation"
"625","National Maternity Hospital","https://www.nmh.ie/","nationalmaternityhospital"
"626","National Pen Company","https://www.pens.com/ie/","nationalpencompany"
"627","Nature's Best","https://www.naturesbest.ie/","naturesbest"
"628","Next","https://www.next.ie/en","next"
"629","O'Briens Wine","https://www.obrienswine.ie/","obrienswine"
"630","Oracle","https://www.oracle.com/ie/","oracle"
"631","Pepsico","https://www.pepsico.com/","pepsico"
"632","Pepsico: Portfolio Concentrate Solutions","https://www.pepsico.com/","pepsicopcs"
"633","PFH Technology Group","https://www.pfh.ie/","pfh"
"634","Pinewood Healthcare","https://pinewood.ie/","pinewoodhealthcare"
"635","Pobal","https://www.pobal.ie/","pobal"
"636","Red Hat","https://www.redhat.com/en","redhat"
"637","Rotunda Hospital","https://rotunda.ie/","rotundahospital"
"638","Saint John of God Community Services","https://sjogcommunityservices.ie/","sjogcommunityservices"
"639","St John of God Hospital","https://stjohnofgodhospital.ie/","sjoghospital"
"640","Servier","https://servier.ie/","servier"
"641","SK biotek","https://www.skbiotek.com/","skbiotek"
"642","SSP Ireland","https://www.foodtravelexperts.com/","sspireland"
"643","St Michael's House","https://www.smh.ie","stmichaelshouse"
"644","St Patrick's Mental Health Services","https://www.stpatricks.ie/","stpatsmentalhealth"
"645","St Vincent's Private Hospital","https://svph.ie/","stvincentsprivate"
"646","St John's Hospital Limerick","https://www.stjohnshospital.ie/","stjohnslimerick"
"647","Standard Life","https://www.standardlife.ie/","standardlife"
"648","Standard Life Assets & Employee Services","https://www.standardlife.ie/","standardlifeassets"
"649","State Street","https://www.statestreet.com/","statestreet"
"650","STL Logistics","https://stllogistics.ie/","stllogistics"
"651","Suir Engineering","https://suireng.ie/","suirengineering"
"652","Sulzer Pumps","https://www.sulzer.com/","sulzerpumps"
"653","SIG Susquehanna International Group","https://sig.com/","sig"
"654","Teleflex","https://www.teleflex.com/","teleflex"
"655","TELUS International","https://www.telusinternational.com/","telusinternational"
"656","Teva Pharmaceuticals","https://www.teva.ie/","tevapharmaceuticals"
"657","ThermoFisher Scientific","https://jobs.thermofisher.com/global/en/ireland","thermofisher"
"658","PPD Development","https://www.ppd.com/","ppddevelopment"
"659","Three Ireland","https://www.three.ie/","threeireland"
"660","Trane Technologies","https://www.tranetechnologies.com/","tranetechnologies"
"661","Ulster Bank","https://www.ulsterbank.ie/","ulsterbank"
"662","University of Galway","https://www.universityofgalway.ie/","universityofgalway"
"663","Viatris: McDermott Laboratories","https://www.viatris.ie/","mcdermottlaboratories"
"664","Viatris: Rottapharm Limited","https://www.viatris.ie/","rottapharm"
"665","Viatris: Mylan Teoranta","https://www.viatris.ie/","mylanteoranta"
"666","Virgin Media","https://www.virginmedia.ie/","virginmedia"
"667","Walls Construction","https://walls.ie/","wallsconstruction"
"668","Yahoo","https://www.yahoo.com/","yahoo"
"669","AerNav","https://www.airnav.ie/","aernav"
"670","Viatris: Upjohn Manufacturing","https://www.viatris.ie/","upjohnmanufacturing"
"671","Viatris: Mylan Healthcare","https://www.viatris.ie/","mylanhealthcare"
"672","Royal College of Surgeons Ireland (RCSI)","https://www.rcsi.com/dublin/","rcsi"
"673","Pinterest","https://www.pinterest.com/","pinterest"
